{
    "tests" :["MQTT Connect", "MQTT Publish", "MQTT Subscribe", "Shadow Publish", "Shadow Update"],
    "test_suite_ids" :
    {
        "MQTT Connect" : "mxn32qkm8npn",
        "MQTT Publish" : "gcjhujhhz50p",
        "MQTT Subscribe" : "nyiuiwx5yxtj",
        "Shadow Publish" : "fttdr8ufljnf",
        "Shadow Update" : "ng9t8am2jnry"
    },
    "test_exe_path" :
    {
        "MQTT Connect" : "mqtt_connect.py",
        "MQTT Publish" : "mqtt_publish.py",
        "MQTT Subscribe" : "mqtt_subscribe.py",
        "Shadow Publish" : "shadow_update.py",
        "Shadow Update" : "shadow_update.py"
    }
}
